Date,Status,AN,AP,AR,AS,BR,CH,CT,DD,DL,DN,GA,GJ,HP,HR,JH,JK,KA,KL,LA,LD,MH,ML,MN,MP,MZ,NL,OR,PB,PY,RJ,SK,TG,TN,TR,UN,UP,UT,Total,WB
14 Mar,Confirmed,0,1,0,0,0,0,0,0,7,0,0,0,0,14,0,2,6,19,0,0,14,0,0,0,0,0,0,1,0,3,0,1,1,0,0,12,0,81,0
14 Mar,Recovered,0,0,0,0,0,0,0,0,1,0,0,0,0,0,0,0,0,3,0,0,0,0,0,0,0,0,0,0,0,1,0,0,0,0,0,4,0,9,0
14 Mar,Deceased,0,0,0,0,0,0,0,0,1,0,0,0,0,0,0,0,1,0,0,0,0,0,0,0,0,0,0,0,0,0,0,0,0,0,0,0,0,2,0
15 Mar,Confirmed,0,0,0,0,0,0,0,0,0,0,0,0,0,0,0,0,0,5,0,0,18,0,0,0,0,0,0,0,0,1,0,2,0,0,0,1,0,27,0
15 Mar,Recovered,0,0,0,0,0,0,0,0,1,0,0,0,0,0,0,0,0,0,0,0,0,0,0,0,0,0,0,0,0,2,0,1,0,0,0,0,0,4,0
15 Mar,Deceased,0,0,0,0,0,0,0,0,0,0,0,0,0,0,0,0,0,0,0,0,0,0,0,0,0,0,0,0,0,0,0,0,0,0,0,0,0,0,0
16 Mar,Confirmed,0,0,0,0,0,0,0,0,0,0,0,0,0,0,0,1,1,3,0,0,6,0,0,0,0,0,1,0,1,0,0,1,0,0,0,0,1,15,0
16 Mar,Recovered,0,0,0,0,0,0,0,0,0,0,0,0,0,0,0,0,0,0,0,0,0,0,0,0,0,0,0,0,0,0,0,0,1,0,0,0,0,1,0
16 Mar,Deceased,0,0,0,0,0,0,0,0,0,0,0,0,0,0,0,0,0,0,0,0,0,0,0,0,0,0,0,0,0,0,0,0,0,0,0,0,0,0,0
17 Mar,Confirmed,0,0,0,0,0,0,0,0,1,0,0,0,0,1,0,0,2,0,0,0,3,0,0,0,0,0,0,0,0,0,0,1,0,0,0,2,0,11,1
17 Mar,Recovered,0,0,0,0,0,0,0,0,0,0,0,0,0,0,0,0,0,0,0,0,0,0,0,0,0,0,0,0,0,0,0,0,0,0,0,1,0,1,0
17 Mar,Deceased,0,0,0,0,0,0,0,0,0,0,0,0,0,0,0,0,0,0,0,0,1,0,0,0,0,0,0,0,0,0,0,0,0,0,0,0,0,1,0
18 Mar,Confirmed,0,0,0,0,0,0,0,0,2,0,0,0,0,1,0,1,5,0,8,0,3,0,0,0,0,0,1,1,0,3,0,8,1,0,0,2,1,37,0
18 Mar,Recovered,0,0,0,0,0,0,0,0,0,0,0,0,0,0,0,0,0,0,0,0,0,0,0,0,0,0,0,0,0,0,0,0,0,0,0,0,0,0,0
18 Mar,Deceased,0,0,0,0,0,0,0,0,0,0,0,0,0,0,0,0,0,0,0,0,0,0,0,0,0,0,0,0,0,0,0,0,0,0,0,0,0,0,0
19 Mar,Confirmed,0,2,0,0,0,1,1,0,4,0,0,2,0,1,0,0,1,1,0,0,4,0,0,0,0,0,0,0,0,2,0,3,1,0,0,3,1,27,0
19 Mar,Recovered,0,0,0,0,0,0,0,0,1,0,0,0,0,0,0,0,0,0,0,0,0,0,0,0,0,0,0,0,0,0,0,0,0,0,0,4,0,5,0
19 Mar,Deceased,0,0,0,0,0,0,0,0,0,0,0,0,0,0,0,0,0,0,0,0,0,0,0,0,0,0,0,1,0,0,0,0,0,0,0,0,0,1,0
20 Mar,Confirmed,0,0,0,0,0,4,0,0,6,0,0,5,2,2,0,0,0,12,2,0,4,0,0,4,0,0,0,1,0,8,0,3,0,0,0,4,0,58,1
20 Mar,Recovered,0,0,0,0,0,0,0,0,2,0,0,0,0,0,0,0,1,0,0,0,0,0,0,0,0,0,0,0,0,0,0,0,0,0,0,0,0,3,0
20 Mar,Deceased,0,0,0,0,0,0,0,0,0,0,0,0,0,0,0,0,0,0,0,0,0,0,0,0,0,0,0,0,0,0,0,0,0,0,0,0,0,0,0
21 Mar,Confirmed,0,2,0,0,0,0,0,0,7,0,0,7,0,2,0,0,5,12,3,0,12,0,0,0,0,0,0,10,0,7,0,2,3,0,0,4,0,78,2
21 Mar,Recovered,0,0,0,0,0,0,0,0,0,0,0,0,0,0,0,0,0,0,0,0,0,0,0,0,0,0,0,0,0,0,0,0,0,0,0,0,0,0,0
21 Mar,Deceased,0,0,0,0,0,0,0,0,0,0,0,0,0,0,0,0,0,0,0,0,0,0,0,0,0,0,0,0,0,0,0,0,0,0,0,0,0,0,0
22 Mar,Confirmed,0,1,0,0,2,1,0,0,0,0,0,4,0,0,0,0,6,15,0,0,10,0,0,2,0,0,0,8,0,4,0,6,3,0,0,2,0,67,3
22 Mar,Recovered,0,0,0,0,0,0,0,0,0,0,0,0,0,0,0,0,0,0,0,0,0,0,0,0,0,0,0,0,0,0,0,0,0,0,0,0,0,0,0
22 Mar,Deceased,0,0,0,0,1,0,0,0,0,0,0,1,0,0,0,0,0,0,0,0,1,0,0,0,0,0,0,0,0,0,0,0,0,0,0,0,0,3,0
23 Mar,Confirmed,0,1,0,0,1,1,0,0,3,0,0,12,1,7,0,0,7,28,0,0,23,0,0,0,0,0,0,2,0,4,0,6,3,0,0,2,1,102,0
23 Mar,Recovered,0,0,0,0,0,0,0,0,0,0,0,0,0,11,0,0,1,0,0,0,0,0,0,0,0,0,0,0,0,0,0,0,0,0,0,0,0,12,0
23 Mar,Deceased,0,0,0,0,0,0,0,0,0,0,0,0,1,0,0,0,0,0,0,0,0,0,0,0,0,0,0,0,0,0,0,0,0,0,0,0,0,2,1
24 Mar,Confirmed,0,1,0,0,0,0,0,0,0,0,0,4,0,2,0,2,8,14,0,0,10,0,1,1,0,0,0,6,0,0,0,4,6,0,0,3,0,64,2
24 Mar,Recovered,0,0,0,0,0,0,0,0,1,0,0,0,0,0,0,0,1,1,0,0,0,0,0,0,0,0,0,0,0,0,0,0,0,0,0,2,0,5,0
24 Mar,Deceased,0,0,0,0,0,0,0,0,0,0,0,0,0,0,0,0,0,0,0,0,0,0,0,0,0,0,0,0,0,0,0,0,1,0,0,0,0,1,0
25 Mar,Confirmed,0,2,0,0,1,0,2,0,5,0,3,4,0,1,0,5,10,9,0,0,15,0,0,8,1,0,0,2,0,6,0,4,8,0,0,3,1,90,0
25 Mar,Recovered,0,1,0,0,0,0,0,0,0,0,0,0,0,0,0,1,0,0,0,0,1,0,0,0,0,0,0,0,0,0,0,0,0,0,0,0,0,3,0
25 Mar,Deceased,0,0,0,0,0,0,0,0,0,0,0,0,0,0,0,0,0,0,0,0,0,0,0,1,0,0,0,0,0,0,0,0,0,0,0,0,0,1,0
26 Mar,Confirmed,1,1,0,0,3,0,3,0,1,0,0,5,0,1,0,3,4,19,0,0,3,0,0,5,0,0,1,2,0,2,0,3,3,0,0,4,0,65,1
26 Mar,Recovered,0,0,0,0,0,0,0,0,0,0,0,0,0,0,0,0,0,7,0,0,0,0,0,0,0,0,0,0,0,0,0,0,0,0,0,0,0,7,0
26 Mar,Deceased,0,0,0,0,0,0,0,0,0,0,0,2,0,0,0,1,1,0,0,0,1,0,0,0,0,0,0,0,0,0,0,0,0,0,0,0,0,5,0
27 Mar,Confirmed,5,2,0,0,2,1,0,0,4,0,0,4,0,1,0,6,9,39,0,0,31,0,0,9,0,0,0,5,0,10,0,15,9,0,0,7,0,164,5
27 Mar,Recovered,0,0,0,0,0,0,0,0,0,0,0,0,1,0,0,0,2,0,3,0,18,0,0,0,0,0,0,1,0,0,0,0,1,0,0,0,0,26,0
27 Mar,Deceased,0,0,0,0,0,0,0,0,0,0,0,0,0,0,0,0,1,0,0,0,1,0,0,1,0,0,0,0,0,0,0,0,0,0,0,0,0,3,0
28 Mar,Confirmed,3,6,0,0,2,0,1,0,9,0,0,8,0,2,0,13,17,6,0,0,30,0,0,10,0,0,0,0,0,4,0,8,4,0,0,16,1,143,3
28 Mar,Recovered,0,0,0,0,0,0,0,0,0,0,0,0,1,0,0,0,0,1,0,0,6,0,0,0,0,0,0,0,0,0,0,0,0,0,0,0,1,9,0
28 Mar,Deceased,0,0,0,0,0,0,0,0,0,0,0,1,0,0,0,0,0,1,0,0,2,0,0,0,0,0,0,0,0,0,0,1,0,0,0,0,0,5,0
29 Mar,Confirmed,0,2,0,0,4,0,0,0,23,0,2,8,0,0,0,5,2,20,0,0,17,0,0,0,0,0,0,0,0,5,0,3,8,0,0,7,1,110,3
29 Mar,Recovered,0,0,0,0,0,0,0,0,0,0,0,1,0,0,0,0,0,4,0,0,0,0,0,0,0,0,0,0,0,0,0,0,0,0,0,0,0,5,0
29 Mar,Deceased,0,0,0,0,0,0,0,0,1,0,0,1,0,0,0,0,0,0,0,0,1,0,0,0,0,0,0,0,0,0,0,0,0,0,0,0,0,3,0
30 Mar,Confirmed,1,2,0,0,0,5,1,0,25,0,0,7,0,1,0,11,5,32,0,0,17,0,0,8,0,0,0,3,0,20,0,7,17,0,0,24,0,187,1
30 Mar,Recovered,0,0,0,0,0,0,0,0,0,0,0,2,0,6,0,0,1,4,0,0,14,0,0,0,0,0,0,0,0,0,0,13,2,0,0,6,1,49,0
30 Mar,Deceased,0,0,0,0,0,0,0,0,0,0,0,1,0,0,0,0,0,0,0,0,2,0,0,2,0,0,0,2,0,0,0,5,0,0,0,0,0,13,1
31 Mar,Confirmed,0,21,0,1,6,2,1,0,23,0,0,4,0,7,1,6,13,7,0,0,82,0,0,19,0,0,1,1,0,14,0,20,57,0,0,8,0,309,15
31 Mar,Recovered,0,0,0,0,0,0,2,0,0,0,0,2,0,0,0,0,2,4,0,0,0,0,0,0,0,0,0,0,0,0,0,0,2,0,0,0,0,15,3
31 Mar,Deceased,0,0,0,0,0,0,0,0,0,0,0,0,0,0,0,1,0,1,0,0,1,0,0,1,0,0,0,1,0,0,0,0,0,0,0,0,0,6,1
01 Apr,Confirmed,0,67,0,15,3,2,0,0,32,0,0,13,0,0,0,7,9,24,0,0,33,0,0,32,0,0,1,4,2,27,0,30,110,0,0,13,0,424,0
01 Apr,Recovered,0,1,0,0,0,0,0,0,0,0,0,0,0,10,0,1,1,2,0,0,0,0,0,0,0,0,1,0,0,0,0,0,0,0,0,0,0,16,0
01 Apr,Deceased,0,0,0,0,0,0,0,0,0,0,0,0,0,0,0,0,0,0,0,0,3,0,0,1,0,0,0,0,0,0,0,3,0,0,0,2,0,9,0
02 Apr,Confirmed,0,38,1,0,5,1,0,0,141,0,0,1,3,6,1,8,14,21,0,0,88,0,1,9,0,0,0,1,2,13,0,27,75,0,0,11,3,486,16
02 Apr,Recovered,0,0,0,0,3,0,1,0,2,0,0,5,0,0,0,1,2,2,0,0,3,0,0,0,0,0,0,0,0,0,0,3,0,0,0,0,0,22,0
02 Apr,Deceased,0,0,0,0,0,0,0,0,2,0,0,1,0,0,0,0,0,0,0,0,8,0,0,2,0,0,0,1,0,0,0,0,0,0,0,0,0,14,0
03 Apr,Confirmed,0,15,0,7,2,0,0,0,93,0,1,7,0,9,0,5,4,9,1,0,64,0,0,47,0,0,15,6,0,46,0,75,102,0,0,46,6,560,0
03 Apr,Recovered,0,0,0,0,0,0,0,0,0,0,0,0,0,0,0,0,0,14,0,0,8,0,0,0,0,0,1,0,0,0,0,15,0,0,0,0,0,38,0
03 Apr,Deceased,0,1,0,0,0,0,0,0,2,0,0,2,1,0,0,0,1,0,0,0,5,0,0,0,0,0,0,0,0,0,0,2,0,0,0,0,0,14,0
04 Apr,Confirmed,0,28,0,3,1,0,1,0,59,0,1,13,7,26,0,17,16,11,0,0,148,0,0,25,0,0,1,12,0,27,0,43,74,0,0,60,6,579,0
04 Apr,Recovered,0,0,0,0,0,3,0,0,8,0,0,3,0,1,0,0,0,8,0,0,2,0,0,0,0,0,0,2,0,22,0,1,2,0,0,4,0,56,0
04 Apr,Deceased,0,0,0,0,0,0,0,0,0,0,0,1,0,0,0,0,0,0,0,0,6,0,0,3,0,0,0,0,0,1,0,0,2,0,0,0,0,13,0
05 Apr,Confirmed,0,64,0,0,0,0,0,0,58,0,0,20,1,6,1,14,7,8,0,0,112,0,0,14,0,0,18,3,0,60,0,62,86,0,0,44,4,609,27
05 Apr,Recovered,0,3,0,0,0,2,5,0,0,0,0,8,0,0,0,1,1,6,0,0,4,0,0,3,0,0,0,1,0,0,0,0,0,0,0,0,2,43,7
05 Apr,Deceased,0,0,0,0,0,0,0,0,1,0,0,1,0,0,0,0,0,0,0,0,13,0,0,2,0,0,0,2,0,0,0,0,2,0,0,1,0,22,0
06 Apr,Confirmed,0,47,0,0,0,0,0,0,22,0,0,18,4,20,1,3,12,13,0,0,121,0,0,63,0,0,1,11,0,35,0,30,50,1,0,27,5,484,0
06 Apr,Recovered,0,0,0,0,6,0,0,0,0,0,0,1,0,0,0,0,8,3,7,0,14,0,1,8,0,0,0,0,0,0,0,12,5,0,0,0,0,65,0
06 Apr,Deceased,0,2,0,0,0,0,0,0,0,0,0,1,0,2,0,0,0,0,0,0,7,0,0,2,0,0,0,0,0,1,0,0,1,0,0,0,0,16,0
07 Apr,Confirmed,0,11,0,2,6,0,0,0,51,0,0,29,9,33,0,16,12,9,0,0,150,0,0,34,0,0,2,20,0,42,0,40,69,0,0,27,0,572,11
07 Apr,Recovered,0,0,0,0,6,2,1,0,4,0,0,3,1,2,0,0,5,12,0,0,9,0,0,10,0,0,0,10,1,0,0,0,6,0,0,0,0,75,3
07 Apr,Deceased,0,1,0,0,0,0,0,0,2,0,0,2,0,0,0,1,0,0,0,0,12,0,0,6,0,0,1,1,0,0,0,0,1,0,0,0,0,27,0
08 Apr,Confirmed,1,34,0,0,1,0,0,0,93,0,0,11,0,24,0,33,6,9,0,0,117,0,0,51,0,0,0,7,0,40,0,49,48,0,0,29,4,565,8
08 Apr,Recovered,0,1,0,0,0,0,0,0,1,0,0,0,0,1,0,2,3,13,0,0,38,0,0,4,0,0,0,0,0,20,0,0,2,0,0,10,1,96,0
08 Apr,Deceased,0,0,0,0,0,0,0,0,0,0,0,2,0,0,0,0,1,0,0,0,8,0,0,3,0,0,0,1,0,1,0,0,1,0,0,1,0,20,2
09 Apr,Confirmed,0,15,0,1,19,0,8,0,51,0,0,76,1,3,9,26,16,12,0,0,229,0,0,70,0,0,6,24,0,80,0,18,96,0,0,49,0,813,4
09 Apr,Recovered,10,4,0,0,0,0,0,0,4,0,0,1,0,0,0,0,2,13,0,0,8,0,0,0,0,0,0,4,0,15,0,0,6,0,0,0,0,70,3
09 Apr,Deceased,0,2,0,0,0,0,0,0,3,0,0,2,0,0,1,1,1,0,0,0,25,0,0,9,0,0,0,1,0,0,0,1,0,0,0,0,0,46,0
10 Apr,Confirmed,0,18,0,0,2,1,0,0,183,0,0,116,0,6,1,23,10,7,1,0,210,0,0,40,0,0,2,21,2,98,0,16,77,1,0,23,0,871,13
10 Apr,Recovered,0,0,0,0,0,0,0,0,2,0,1,7,0,4,0,0,4,27,1,0,63,0,0,12,0,0,10,2,0,0,0,0,17,0,0,1,0,151,0
10 Apr,Deceased,0,0,0,1,0,0,0,0,2,0,0,1,0,0,0,0,0,0,0,0,12,0,0,4,0,0,0,1,0,0,0,0,1,0,0,0,0,22,0
11 Apr,Confirmed,0,24,0,0,4,0,7,0,166,0,0,90,4,3,3,17,8,10,0,0,187,0,0,78,0,0,4,7,0,139,0,16,58,0,0,19,0,854,10
11 Apr,Recovered,0,0,0,0,0,0,0,0,0,0,4,11,6,0,0,0,5,19,0,0,20,0,0,1,0,0,0,0,0,56,0,51,0,0,0,13,0,186,0
11 Apr,Deceased,0,0,0,0,0,0,0,0,5,0,0,3,0,0,0,0,0,1,0,0,17,0,0,4,0,0,0,1,0,6,0,2,1,0,0,1,0,40,0
12 Apr,Confirmed,0,15,0,1,0,2,6,0,85,0,0,48,0,16,2,21,17,2,0,0,221,0,0,33,0,0,0,12,0,104,0,28,106,0,0,31,0,758,8
12 Apr,Recovered,0,2,0,0,11,0,1,0,1,0,0,0,4,8,0,0,15,36,0,0,9,0,0,3,0,0,0,3,0,5,0,7,6,0,0,0,0,114,3
12 Apr,Deceased,0,1,0,0,0,0,0,0,5,0,0,2,0,1,1,0,0,0,0,0,22,0,0,3,0,0,0,0,0,2,0,2,1,0,0,0,0,42,2
13 Apr,Confirmed,0,19,0,2,2,0,0,0,356,0,0,56,0,1,5,25,15,3,2,0,352,1,0,52,0,0,1,6,0,93,0,61,98,0,0,75,0,1243,18
13 Apr,Recovered,0,0,0,0,2,0,0,0,3,0,0,10,0,7,0,10,6,19,1,0,12,0,0,10,0,0,6,2,0,0,0,0,8,0,0,4,2,112,10
13 Apr,Deceased,0,0,0,0,0,0,0,0,4,0,0,2,0,0,0,0,2,0,0,0,11,0,0,7,0,0,0,0,0,0,0,1,0,0,0,0,0,27,0
14 Apr,Confirmed,0,45,0,1,0,0,2,0,51,0,0,78,1,2,3,8,13,8,0,0,346,0,0,127,0,0,5,8,0,108,0,52,31,0,0,102,2,1031,38
14 Apr,Recovered,0,4,0,0,1,0,3,0,0,0,0,5,1,4,0,14,11,13,0,0,30,0,0,13,0,0,0,2,0,26,0,7,23,0,0,1,2,167,7
14 Apr,Deceased,0,4,0,0,0,0,0,0,2,0,0,2,0,0,0,0,2,0,0,0,18,0,0,3,0,0,0,1,0,0,0,1,1,0,0,3,0,37,0
15 Apr,Confirmed,0,41,0,0,6,0,0,0,17,0,0,116,2,6,1,22,19,1,1,0,236,6,0,197,0,0,0,2,0,71,0,6,38,0,0,75,0,886,23
15 Apr,Recovered,0,4,1,2,0,2,4,0,10,0,1,5,0,2,0,6,9,7,0,0,36,0,0,0,0,0,1,0,0,0,0,8,37,1,0,7,0,144,1
15 Apr,Deceased,0,3,0,0,0,0,0,0,2,0,0,5,0,0,0,0,2,0,0,0,9,1,0,0,0,0,0,0,0,0,0,0,2,0,0,3,0,27,0
16 Apr,Confirmed,0,9,0,2,11,0,3,0,62,0,0,163,0,11,1,14,36,7,0,0,285,2,0,226,0,0,0,11,0,55,0,50,25,0,0,70,0,1061,18
16 Apr,Recovered,1,0,0,3,8,0,6,0,11,0,0,9,3,8,0,2,2,27,2,0,5,0,0,6,0,0,0,2,0,17,0,68,62,0,0,11,0,258,5
16 Apr,Deceased,0,0,0,0,0,0,0,0,6,0,0,3,0,0,0,0,1,0,0,0,7,0,0,2,0,0,0,1,0,0,0,0,1,0,0,2,0,26,3
17 Apr,Confirmed,1,38,0,0,2,0,0,0,67,0,0,170,3,8,3,14,44,1,0,0,120,0,0,146,0,0,0,14,0,98,0,66,56,0,0,44,3,922,24
17 Apr,Recovered,0,15,0,4,0,0,1,0,20,0,0,13,0,21,0,4,6,10,0,0,31,0,0,0,0,0,2,1,0,19,0,0,103,0,0,14,0,273,9
17 Apr,Deceased,0,0,0,0,0,0,0,0,4,0,0,5,0,0,0,1,0,0,0,0,7,0,0,14,0,0,0,0,0,6,0,0,0,0,0,1,0,38,0
18 Apr,Confirmed,2,31,0,0,1,2,0,0,186,0,0,277,1,9,1,13,25,4,0,0,327,2,0,92,0,0,1,23,0,122,0,43,49,0,0,126,2,1371,32
18 Apr,Recovered,0,7,0,3,5,0,1,0,135,0,0,7,0,14,0,9,16,2,0,0,34,0,0,57,0,0,3,1,3,17,0,0,82,0,0,26,0,426,4
18 Apr,Deceased,0,2,0,0,1,0,0,0,1,0,0,12,0,0,0,0,1,0,0,0,10,0,0,0,0,0,0,2,0,4,0,0,0,0,0,0,0,35,2
19 Apr,Confirmed,1,44,0,0,10,3,0,0,110,0,0,367,0,18,8,13,6,2,0,0,552,0,0,5,0,0,0,10,0,127,0,49,105,0,0,125,2,1580,23
19 Apr,Recovered,0,23,0,5,0,4,0,0,83,0,1,12,0,4,0,5,7,13,0,0,142,0,0,4,0,0,0,6,0,5,0,0,46,0,0,19,2,388,7
19 Apr,Deceased,0,1,0,0,0,0,0,0,2,0,0,10,0,0,0,0,2,0,0,0,12,0,0,3,0,0,0,0,0,2,0,3,0,0,0,3,0,38,0
20 Apr,Confirmed,1,75,0,0,17,0,0,0,78,0,0,196,0,1,5,14,18,6,0,0,466,0,0,78,0,0,13,1,0,98,0,14,43,0,0,84,2,1239,29
20 Apr,Recovered,0,27,0,2,0,1,0,0,141,0,0,26,0,37,4,15,1,21,0,0,65,0,1,7,0,0,0,1,0,0,0,0,46,0,0,13,7,419,4
20 Apr,Deceased,0,3,0,0,0,0,0,0,2,0,0,8,0,0,0,0,0,0,0,0,9,0,0,4,0,0,0,0,0,2,0,2,2,0,0,1,0,33,0
21 Apr,Confirmed,1,35,0,0,13,1,0,0,75,0,0,239,0,4,0,12,10,19,0,0,552,1,0,67,0,0,5,6,0,159,0,56,76,0,0,153,0,1537,53
21 Apr,Recovered,0,4,0,0,0,0,0,0,180,0,0,8,0,6,0,10,17,16,0,0,150,0,0,10,0,0,6,11,0,69,0,8,178,0,0,22,1,703,7
21 Apr,Deceased,0,2,0,0,0,0,0,0,0,0,0,19,0,0,0,0,1,0,0,0,19,0,0,4,0,0,0,0,0,1,0,0,1,0,0,3,0,53,3
22 Apr,Confirmed,1,56,0,0,17,0,0,0,92,0,0,229,0,9,0,27,9,11,0,0,431,0,0,35,0,0,4,27,0,153,0,15,33,0,0,112,0,1292,31
22 Apr,Recovered,0,24,0,0,0,0,3,0,113,0,0,40,0,11,0,11,2,1,0,0,67,0,0,4,0,0,2,4,0,70,0,0,27,0,0,11,4,394,0
22 Apr,Deceased,0,2,0,0,0,0,0,0,1,0,0,13,0,0,0,0,0,0,0,0,18,0,0,0,0,0,0,0,0,1,0,1,0,0,0,0,0,36,0
23 Apr,Confirmed,4,80,0,1,27,0,0,0,128,0,0,217,1,6,7,27,18,10,0,0,778,0,0,100,0,0,6,5,0,76,0,27,54,0,0,61,1,1667,33
23 Apr,Recovered,0,21,0,0,2,0,2,0,84,0,0,79,2,12,4,0,14,8,2,0,51,0,0,51,0,0,1,13,0,107,0,58,90,1,0,33,1,642,6
23 Apr,Deceased,0,3,0,0,0,0,0,0,2,0,0,9,0,0,1,0,0,0,0,0,14,0,0,3,0,0,0,1,0,1,0,1,2,0,0,3,0,40,0
24 Apr,Confirmed,7,62,0,0,53,0,0,0,138,0,0,191,0,5,6,20,29,3,0,0,390,0,0,159,0,0,5,15,0,70,0,13,72,0,0,111,1,1408,58
24 Apr,Recovered,0,4,0,0,0,1,0,0,49,0,0,7,0,16,0,17,7,15,0,0,117,0,0,7,0,0,0,4,0,42,0,39,114,0,0,20,1,484,24
24 Apr,Deceased,0,2,0,0,0,0,0,0,3,0,0,15,0,0,0,0,1,1,0,0,18,0,0,9,0,0,0,0,0,4,0,0,2,0,0,1,0,59,3
25 Apr,Confirmed,4,61,0,0,28,1,1,0,111,0,0,256,0,12,8,40,26,7,2,0,811,0,0,99,0,0,6,10,1,49,0,7,66,0,0,172,0,1835,57
25 Apr,Recovered,0,26,0,0,1,0,2,0,12,0,0,17,4,5,0,3,6,7,0,0,119,0,0,71,0,0,1,2,0,20,0,16,94,0,0,35,1,442,0
25 Apr,Deceased,0,2,0,0,0,0,0,0,1,0,0,6,0,0,0,1,0,0,0,0,22,0,0,7,0,0,0,0,0,2,0,0,1,0,0,2,0,44,0
26 Apr,Confirmed,0,81,0,0,26,8,0,0,293,0,0,230,0,9,15,29,3,11,0,0,440,0,0,145,0,0,3,14,0,102,0,11,64,0,0,80,3,1607,40
26 Apr,Recovered,0,60,0,8,11,2,0,0,8,0,0,31,0,8,5,25,24,4,0,0,112,0,0,21,0,0,1,12,0,116,0,9,60,0,0,66,0,585,2
26 Apr,Deceased,0,0,0,0,0,0,0,0,0,0,0,18,0,0,0,0,1,0,0,0,19,0,0,4,0,0,0,1,0,7,0,0,1,0,0,3,0,56,2
27 Apr,Confirmed,0,80,0,0,69,9,0,0,190,0,0,247,0,5,21,23,9,13,0,0,522,0,0,75,0,0,15,8,0,77,0,2,52,0,0,113,0,1568,38
27 Apr,Recovered,0,4,0,0,0,0,0,0,0,0,0,81,3,14,4,27,11,13,0,0,94,0,0,55,0,0,2,14,1,115,0,16,54,0,0,72,0,580,0
27 Apr,Deceased,0,0,0,0,0,0,0,0,0,0,0,11,0,0,0,1,1,0,0,0,27,0,0,7,0,0,0,1,0,9,0,0,0,0,0,1,0,58,0
28 Apr,Confirmed,0,82,0,2,20,11,1,0,206,0,0,226,0,7,2,19,11,4,2,0,728,0,0,222,0,0,0,12,0,102,0,6,121,0,0,67,3,1902,48
28 Apr,Recovered,4,23,0,0,8,0,2,0,201,0,0,40,0,11,2,12,14,4,0,0,106,0,0,16,0,0,1,3,0,26,0,42,54,0,0,63,0,636,4
28 Apr,Deceased,0,0,0,0,0,0,0,0,0,0,0,19,0,0,0,1,0,0,0,0,31,0,0,10,0,0,0,0,0,2,0,0,1,0,0,3,0,69,2
29 Apr,Confirmed,0,73,0,0,37,12,0,0,125,0,0,308,0,3,2,16,12,10,0,0,597,0,0,173,0,0,7,33,0,76,0,7,104,0,0,81,1,1705,28
29 Apr,Recovered,0,29,0,2,0,0,0,0,14,0,0,93,0,1,0,16,9,10,1,0,205,0,0,88,0,0,1,0,0,44,0,35,82,0,0,48,2,690,10
29 Apr,Deceased,0,0,0,0,0,0,0,0,2,0,0,16,0,0,0,0,1,0,0,0,32,0,0,10,0,0,0,0,0,3,0,0,2,0,0,5,0,71,0
30 Apr,Confirmed,0,71,0,5,22,6,2,0,76,0,0,313,0,28,3,33,30,2,0,0,583,0,0,65,0,0,18,105,0,144,0,22,161,1,0,77,2,1802,33
30 Apr,Recovered,1,34,0,0,20,1,2,0,2,0,0,86,3,10,0,24,13,14,0,0,180,0,0,21,0,0,2,3,0,79,0,33,48,0,0,41,8,630,5
30 Apr,Deceased,0,0,0,0,0,0,0,0,3,0,0,17,0,1,0,0,1,0,0,0,27,0,0,7,0,0,0,1,0,3,0,3,0,0,0,1,0,75,11
01 May,Confirmed,0,60,0,0,41,14,3,0,223,0,0,326,0,18,3,25,24,0,0,0,1008,0,0,90,0,0,11,105,0,82,0,6,203,0,0,117,0,2396,37
01 May,Recovered,0,82,0,4,14,0,0,0,73,0,0,123,2,6,2,31,22,9,0,0,106,10,0,42,0,0,14,4,0,223,0,22,54,0,0,103,1,962,15
01 May,Deceased,0,2,0,0,1,0,0,0,2,0,0,22,0,0,0,0,0,0,0,0,26,0,0,8,0,0,0,0,0,4,0,0,1,0,0,2,1,77,8
02 May,Confirmed,0,62,0,0,15,6,0,0,384,0,0,333,0,19,2,27,12,2,1,0,790,0,0,73,0,0,6,187,1,106,0,17,231,2,0,159,2,2564,127
02 May,Recovered,10,38,0,0,19,1,0,0,89,0,0,160,3,1,1,7,20,8,0,0,121,0,0,100,0,0,1,4,0,126,0,35,29,0,0,44,2,831,12
02 May,Deceased,0,0,0,0,1,0,0,0,3,0,0,26,0,1,0,0,3,0,0,0,36,0,0,6,0,0,0,0,0,6,0,1,1,0,0,1,0,92,7
03 May,Confirmed,0,58,0,0,36,3,14,0,427,0,0,374,0,66,0,35,13,0,19,0,678,0,0,49,0,0,2,330,0,114,0,21,266,12,0,158,1,2952,276
03 May,Recovered,6,47,0,0,7,0,0,0,106,0,0,146,1,3,5,33,22,1,0,0,115,0,0,174,0,0,4,5,1,114,0,46,38,0,0,56,0,911,-19
03 May,Deceased,0,0,0,0,0,1,0,0,0,0,0,28,0,0,0,0,0,0,0,0,27,0,0,5,0,0,0,1,0,3,0,0,1,0,0,0,0,140,74
04 May,Confirmed,0,67,0,0,11,5,1,0,349,0,0,376,1,75,0,25,37,0,0,0,1567,0,0,105,0,0,7,130,0,175,0,3,527,13,0,121,0,3656,61
04 May,Recovered,0,36,0,0,3,2,0,0,69,0,0,153,0,9,0,16,28,61,0,0,350,0,0,58,0,0,0,11,0,82,0,40,30,0,0,48,0,1082,86
04 May,Deceased,0,0,0,0,0,0,0,0,0,0,0,29,0,1,0,0,2,0,0,0,35,0,0,9,0,0,0,2,0,6,0,0,1,0,0,7,0,103,11
05 May,Confirmed,0,67,0,2,7,17,1,0,206,1,0,441,1,31,10,15,22,3,0,0,984,0,0,107,0,0,8,219,0,97,0,11,508,13,0,114,1,2971,85
05 May,Recovered,0,65,0,0,31,0,0,0,37,0,0,186,0,2,6,17,10,0,0,0,354,0,0,144,1,0,0,5,0,87,0,43,76,0,0,185,0,1295,46
05 May,Deceased,0,1,0,0,0,0,0,0,0,0,0,49,1,0,0,0,2,0,0,0,34,0,0,11,0,0,1,2,0,12,0,0,2,0,0,6,0,128,7
06 May,Confirmed,0,60,0,1,7,5,0,0,428,0,0,380,1,46,2,34,20,0,0,0,1233,0,0,89,0,0,28,75,0,159,0,11,771,22,0,118,0,3602,112
06 May,Recovered,0,140,0,2,0,0,0,0,74,0,0,119,0,4,4,2,23,7,0,0,275,0,0,99,0,0,1,2,0,214,0,20,31,0,0,143,0,1161,1
06 May,Deceased,0,2,0,0,0,0,0,0,1,0,0,28,0,1,0,0,0,0,0,0,34,0,0,9,0,0,0,2,0,4,0,0,2,0,0,4,0,91,4
07 May,Confirmed,0,56,0,8,8,11,0,0,448,0,0,388,3,31,5,18,12,0,0,0,1216,0,0,114,0,0,14,118,0,110,0,15,580,24,0,73,0,3344,92
07 May,Recovered,1,51,0,0,60,0,0,0,389,0,0,209,0,0,4,13,12,5,0,0,207,0,0,132,0,0,1,14,0,150,0,45,31,0,0,120,0,1475,31
07 May,Deceased,0,2,0,0,1,0,0,0,1,0,0,29,0,0,0,1,1,0,0,0,43,0,0,8,0,0,0,1,0,6,0,0,2,0,0,2,0,104,7
08 May,Confirmed,0,54,0,6,29,11,0,0,338,0,0,390,4,22,22,30,48,1,0,0,1089,0,0,89,0,0,51,87,1,152,0,10,600,30,0,143,2,3339,130
08 May,Recovered,0,62,0,0,49,0,2,0,89,0,0,163,0,19,0,29,10,10,1,0,169,0,0,118,0,0,1,3,2,122,0,34,58,0,0,137,6,1111,27
08 May,Deceased,0,3,0,1,0,1,0,0,2,0,0,24,0,1,0,0,0,0,0,0,37,0,0,7,0,0,0,1,0,4,0,0,3,0,0,4,0,97,9
09 May,Confirmed,0,43,0,2,32,23,0,0,224,0,0,394,2,28,2,13,41,2,0,0,1165,1,0,116,0,0,82,31,0,129,0,31,526,17,0,159,4,3175,108
09 May,Recovered,0,45,0,0,51,3,5,0,0,0,0,219,1,11,37,4,10,1,0,0,330,0,0,131,0,0,5,5,0,151,0,24,219,0,0,112,1,1414,49
09 May,Deceased,0,3,0,-1,0,0,0,0,0,0,0,23,0,1,0,0,0,0,0,0,48,0,0,11,0,0,1,2,0,3,0,1,4,0,0,8,0,115,11
10 May,Confirmed,0,50,0,1,96,4,0,0,381,0,0,398,6,28,1,25,54,7,0,0,1943,0,0,157,0,0,25,61,2,106,0,33,669,16,0,94,1,4311,153
10 May,Recovered,0,38,0,0,36,0,6,0,49,0,0,454,0,10,0,15,36,4,3,0,399,0,0,196,0,0,0,9,1,79,0,0,135,0,0,154,0,1669,45
10 May,Deceased,0,1,0,0,1,1,0,0,5,0,0,21,0,1,0,0,1,0,0,0,53,0,0,4,0,0,0,0,0,2,0,0,3,0,0,5,0,112,14
11 May,Confirmed,0,38,0,2,42,8,0,0,310,0,0,347,1,27,4,18,14,7,0,0,1230,0,0,171,0,0,38,54,0,174,0,79,798,0,0,106,0,3592,124
11 May,Recovered,0,73,0,5,23,4,4,0,60,0,0,235,0,37,0,44,4,0,1,0,587,0,0,71,0,0,17,2,0,83,0,50,92,0,0,105,0,1579,82
11 May,Deceased,0,0,0,0,0,0,0,0,0,0,0,20,0,1,0,1,0,0,0,0,36,0,0,6,0,0,0,0,0,5,0,0,6,0,0,1,0,81,5
12 May,Confirmed,0,71,0,0,130,6,0,0,406,0,0,362,8,50,11,55,63,5,0,0,1026,0,0,201,0,0,22,37,0,138,0,51,716,2,0,91,1,3562,110
12 May,Recovered,0,58,0,0,5,2,1,0,383,1,0,466,0,5,1,28,7,0,0,0,339,0,0,113,0,0,31,3,0,130,0,21,83,0,0,115,0,1905,113
12 May,Deceased,0,1,0,0,0,0,0,0,13,0,0,24,0,0,0,0,0,0,0,0,53,0,0,4,0,0,0,1,0,4,0,2,8,0,0,2,0,120,8
13 May,Confirmed,0,48,0,15,74,4,0,0,359,0,0,364,1,13,5,37,34,10,1,0,1495,0,0,187,0,0,101,10,1,202,0,41,509,1,0,94,3,3726,117
13 May,Recovered,0,86,0,0,18,0,1,0,346,0,0,316,0,76,8,11,18,1,0,0,422,1,0,144,0,0,27,29,0,119,0,117,41,0,0,92,0,1963,90
13 May,Deceased,0,1,0,0,1,0,0,0,20,0,0,29,0,0,0,1,2,0,0,0,54,0,0,7,0,0,0,0,0,4,0,2,3,0,0,4,0,137,9
14 May,Confirmed,0,68,0,7,46,0,1,0,472,0,8,324,6,25,26,12,28,26,0,0,1602,0,1,253,0,0,134,11,3,206,0,47,447,1,0,144,6,3991,87
14 May,Recovered,0,50,0,0,12,7,1,0,187,0,0,191,0,21,0,19,9,3,0,0,542,0,0,167,0,0,15,23,0,65,0,13,65,27,0,107,4,1594,66
14 May,Deceased,0,1,0,0,0,0,0,0,9,0,0,20,0,0,0,0,2,0,0,0,44,0,0,5,0,0,0,0,0,4,0,0,2,0,0,2,0,97,8
15 May,Confirmed,0,102,0,3,34,0,6,0,425,0,0,340,2,36,8,30,69,16,0,0,1576,0,0,169,0,0,65,-3,0,213,0,40,434,0,0,155,4,3808,84
15 May,Recovered,0,60,0,1,28,3,0,0,473,0,0,282,0,25,10,28,20,0,2,0,475,0,0,112,0,0,8,82,0,91,0,7,359,13,0,93,1,2234,61
15 May,Deceased,0,0,0,0,0,0,0,0,8,0,0,20,0,2,0,0,1,0,0,0,49,0,0,2,0,0,0,0,0,0,0,0,5,0,0,7,0,104,10
16 May,Confirmed,0,48,0,3,145,0,1,0,438,0,5,1057,2,33,6,108,36,11,0,0,1606,0,4,195,0,0,0,14,1,213,0,55,477,11,0,201,9,4794,115
16 May,Recovered,0,101,0,0,33,11,2,0,408,0,0,273,4,50,16,29,16,4,0,0,524,0,0,32,0,0,30,952,0,215,0,12,939,22,0,276,0,4012,63
16 May,Deceased,0,1,0,0,1,0,0,0,6,0,0,19,0,0,0,1,0,0,0,0,67,0,0,4,0,0,0,0,0,1,0,0,4,0,0,9,0,120,7
17 May,Confirmed,0,25,0,8,142,0,18,0,422,0,9,391,2,23,6,62,55,14,0,0,2347,0,0,187,0,0,91,18,0,242,0,42,639,-2,0,206,1,5049,101
17 May,Recovered,0,103,0,1,0,0,1,0,276,0,0,191,1,48,0,33,13,0,0,0,600,0,0,88,0,0,24,109,0,111,0,21,634,21,0,195,1,2538,67
17 May,Deceased,0,1,0,0,0,0,0,0,19,0,0,34,0,1,0,1,1,0,0,0,63,0,0,5,0,0,1,3,0,5,0,0,4,0,0,8,0,152,6
18 May,Confirmed,0,52,0,15,103,5,10,0,299,0,9,366,10,18,5,106,99,29,0,0,2005,0,0,259,0,0,48,16,0,305,0,41,536,0,0,141,4,4628,147
18 May,Recovered,0,96,0,0,44,3,0,0,283,0,0,305,2,36,14,34,21,0,19,0,749,1,0,32,0,0,57,181,0,163,0,10,234,4,0,147,0,2482,47
18 May,Deceased,0,0,0,2,1,0,0,0,12,0,0,35,0,0,0,2,0,0,0,0,51,0,0,4,0,0,0,2,0,7,0,0,3,0,0,6,0,131,6
19 May,Confirmed,0,57,0,42,96,3,5,0,500,0,8,395,2,36,20,28,149,12,0,0,2078,0,2,229,0,0,102,22,5,338,0,42,688,8,814,321,15,6154,137
19 May,Recovered,0,69,0,0,0,3,0,0,265,0,0,239,5,29,0,38,13,0,0,0,1202,0,0,196,0,0,30,95,1,119,0,9,489,27,0,135,0,3032,68
19 May,Deceased,0,2,0,0,0,0,0,0,6,0,0,25,1,0,0,2,3,0,0,0,76,0,0,6,0,0,1,1,0,5,0,4,3,0,0,5,0,146,6
20 May,Confirmed,0,71,0,31,257,3,14,0,534,0,4,398,18,29,42,73,67,24,1,0,2161,1,16,270,0,0,74,3,1,170,0,27,743,0,282,249,15,5720,142
20 May,Recovered,0,43,0,7,54,79,0,0,442,0,0,176,3,21,2,31,13,5,0,0,679,0,0,103,0,0,36,152,0,67,0,2,987,0,0,148,1,3113,62
20 May,Deceased,0,1,0,0,0,0,0,0,10,0,0,30,0,0,0,1,1,0,0,0,65,0,0,9,0,0,1,0,0,4,0,2,3,0,0,4,0,134,3
21 May,Confirmed,0,45,0,22,211,16,14,0,571,0,2,371,42,37,13,59,143,24,0,0,2345,0,0,246,0,0,51,23,0,212,0,38,776,2,307,340,19,6023,94
21 May,Recovered,0,41,0,6,0,42,0,0,375,0,0,269,5,33,7,6,15,8,0,0,1408,0,0,110,0,0,50,25,0,81,0,23,400,32,0,138,0,3131,57
21 May,Deceased,0,1,0,0,0,0,0,0,18,0,0,24,0,0,0,2,0,0,0,0,64,0,0,4,0,0,1,1,0,4,0,5,7,0,0,11,0,148,6
22 May,Confirmed,0,62,0,15,179,1,44,0,660,0,2,363,16,37,20,40,138,42,2,0,2940,0,1,189,0,0,86,1,3,267,0,62,786,0,217,220,8,6536,135
22 May,Recovered,0,26,0,0,58,0,3,0,330,0,9,392,0,25,0,36,26,2,0,0,857,0,0,245,0,0,43,28,0,195,0,7,846,4,0,120,0,3280,28
22 May,Deceased,0,1,0,0,2,0,0,0,14,0,0,29,0,2,0,0,0,1,0,0,63,0,0,1,0,0,0,0,0,2,0,3,4,0,0,14,0,142,6
23 May,Confirmed,0,47,0,121,228,6,42,0,591,1,1,396,17,64,27,80,216,62,3,0,2608,0,3,201,0,0,80,16,0,248,1,52,759,16,279,282,91,6663,127
23 May,Recovered,0,48,0,2,24,1,2,0,370,0,0,289,2,44,5,54,11,3,0,0,821,0,0,178,0,0,61,23,0,106,0,25,363,0,0,82,2,2576,60
23 May,Deceased,0,1,0,0,0,0,0,0,23,0,0,27,0,0,0,1,1,0,0,0,60,0,0,9,0,0,0,0,0,7,0,1,5,0,0,3,0,142,4
24 May,Confirmed,0,66,1,46,180,37,38,0,508,0,11,394,18,53,20,52,130,53,3,0,3041,0,3,294,0,0,67,15,15,286,0,41,765,3,439,251,73,7111,208
24 May,Recovered,0,62,0,1,49,0,0,0,273,0,0,243,2,15,7,35,46,5,0,0,1196,0,2,141,0,0,53,28,2,62,0,24,833,13,0,132,3,3285,58
24 May,Deceased,0,0,0,0,0,1,0,0,30,0,0,29,0,0,1,0,0,1,0,0,58,0,0,9,0,0,0,1,0,3,0,4,8,0,0,6,2,156,3
25 May,Confirmed,0,106,0,156,163,4,40,0,635,0,1,405,20,29,35,47,93,49,1,0,2436,1,4,194,0,3,102,21,8,272,0,66,805,4,304,229,32,6414,149
25 May,Recovered,0,51,0,5,31,8,3,0,231,0,3,224,4,37,0,0,51,12,0,0,1186,0,0,163,0,0,99,15,5,208,0,72,407,0,0,122,0,3012,75
25 May,Deceased,0,0,0,0,2,0,0,0,15,0,0,30,0,0,0,2,2,0,0,0,60,0,0,10,0,0,0,0,0,4,0,3,7,0,0,8,1,150,6
26 May,Confirmed,0,97,0,134,231,12,68,0,412,0,0,361,24,92,21,91,101,67,0,0,2091,5,3,165,0,1,79,25,0,236,0,112,646,34,328,227,51,5907,193
26 May,Recovered,0,125,0,0,67,0,12,0,183,0,9,501,0,22,5,24,59,10,0,0,1168,0,0,118,0,0,84,5,0,220,0,120,611,0,0,164,6,3585,72
26 May,Deceased,0,1,0,0,1,0,0,0,12,0,0,27,0,0,0,1,0,1,0,0,97,0,0,5,0,0,0,0,0,3,0,1,11,0,0,8,0,173,5
27 May,Confirmed,0,134,0,101,68,1,4,0,792,0,1,376,26,76,7,162,135,40,1,0,2190,0,5,237,0,5,76,33,0,280,0,107,817,10,1043,267,69,7246,183
27 May,Recovered,0,48,0,25,118,0,4,0,310,0,9,410,3,14,0,21,17,10,0,0,964,0,0,238,0,0,79,0,0,286,0,37,567,0,0,167,15,3434,92
27 May,Deceased,0,1,0,0,1,0,0,0,15,0,0,23,2,2,0,2,3,0,0,0,105,0,0,8,0,0,0,0,0,3,0,6,6,0,0,5,0,188,6
28 May,Confirmed,0,128,1,97,149,10,34,0,1024,0,1,367,8,123,6,115,115,85,20,0,2598,1,11,192,0,9,67,19,4,251,0,117,827,2,319,179,31,7254,344
28 May,Recovered,0,68,0,16,132,2,0,0,231,0,1,454,7,43,0,5,53,3,0,0,698,0,0,123,0,0,75,28,0,253,0,24,639,2,0,224,0,3171,90
28 May,Deceased,0,1,0,0,0,0,0,0,13,0,0,22,0,1,0,1,0,1,0,0,85,0,0,8,0,0,0,0,0,7,0,4,12,0,0,15,0,176,6
29 May,Confirmed,0,85,0,177,174,0,17,0,1105,0,0,372,14,217,82,128,248,62,0,0,2682,6,4,192,0,7,63,39,4,298,0,169,874,10,341,275,216,8138,277
29 May,Recovered,0,101,0,22,159,0,17,0,351,0,3,608,10,59,63,16,60,10,0,0,8381,0,2,219,0,0,90,3,6,429,0,36,765,0,0,195,23,11735,107
29 May,Deceased,0,1,0,0,0,0,1,0,82,0,0,20,0,0,1,1,1,1,0,0,116,0,0,13,0,0,2,2,0,4,0,4,9,0,0,4,0,269,7
30 May,Confirmed,0,131,1,159,206,0,32,0,1163,0,1,412,18,202,73,177,141,58,3,0,2940,0,1,246,0,11,96,36,0,252,0,74,938,17,370,256,33,8364,317
30 May,Recovered,0,55,0,38,102,10,2,0,229,0,1,621,24,31,40,33,103,10,0,0,1084,0,0,175,0,0,73,18,0,495,0,31,687,5,0,241,0,4303,195
30 May,Deceased,0,0,0,0,6,0,0,0,18,0,0,27,0,1,0,0,1,1,0,0,99,0,0,9,0,0,0,2,0,9,0,6,6,0,0,12,1,205,7
31 May,Confirmed,0,110,0,123,242,4,51,0,1295,0,1,438,18,168,41,105,299,61,0,0,2487,0,11,198,0,7,129,30,13,214,0,199,1149,45,448,374,158,8789,371
31 May,Recovered,0,51,0,22,209,0,12,0,403,0,2,689,9,77,0,19,221,15,4,0,1248,0,5,398,0,0,76,20,2,293,0,16,757,1,0,192,0,4928,187
31 May,Deceased,0,2,0,0,2,0,0,0,57,0,0,31,0,0,0,0,2,0,0,0,89,0,0,7,0,0,0,1,0,1,0,5,13,0,0,4,0,222,8
01 Jun,Confirmed,0,105,18,146,138,4,49,0,990,1,2,423,9,265,26,155,187,57,0,0,2358,1,12,194,0,0,156,38,9,269,0,94,1162,107,139,286,52,7723,271
01 Jun,Recovered,0,34,0,99,221,15,7,0,268,0,6,861,2,7,40,19,100,18,0,0,779,0,0,161,0,0,119,13,0,181,0,63,413,0,0,187,120,3882,149
01 Jun,Deceased,0,2,0,0,0,0,0,0,50,0,0,25,0,1,0,3,1,1,0,0,76,0,0,8,0,0,0,-1,0,5,0,6,11,0,0,5,0,201,8
02 Jun,Confirmed,0,115,2,74,151,4,15,0,1298,0,6,415,5,296,61,117,388,86,4,0,2287,2,6,137,12,6,141,41,0,273,0,99,1091,48,784,368,84,8812,396
02 Jun,Recovered,0,40,0,53,62,0,9,0,497,0,7,1114,18,14,0,7,75,19,0,0,1225,0,3,218,0,0,80,17,0,222,0,35,536,0,0,146,30,4531,104
02 Jun,Deceased,0,0,0,0,1,1,1,0,33,0,0,29,0,2,0,2,0,1,1,0,103,0,0,6,0,0,0,2,0,4,0,4,13,0,0,7,2,222,10
03 Jun,Confirmed,0,180,10,271,230,0,64,0,1513,8,47,485,14,302,42,139,267,82,9,0,2560,3,19,168,1,9,143,34,11,279,1,129,1286,151,709,141,42,9689,340
03 Jun,Recovered,0,50,0,76,222,0,40,0,299,0,0,318,10,20,1,54,111,24,1,0,996,1,24,224,0,0,91,12,8,309,0,30,610,0,0,81,7,3789,170
03 Jun,Deceased,0,4,0,0,1,0,0,0,59,0,0,30,0,0,0,1,1,0,0,0,122,0,0,7,0,0,0,1,0,6,0,7,8,0,0,1,1,259,10
04 Jun,Confirmed,0,141,5,285,126,1,147,0,1359,3,40,492,24,327,63,285,257,94,4,0,2933,0,16,174,3,22,90,39,9,210,0,127,1384,24,360,367,68,9847,368
04 Jun,Recovered,0,65,0,46,95,8,36,0,356,0,0,455,29,34,69,41,106,39,0,0,1352,0,0,192,0,0,65,14,4,360,0,31,585,0,0,182,38,4390,188
04 Jun,Deceased,0,3,0,0,3,0,0,0,44,0,0,33,0,1,1,1,4,3,0,0,123,0,0,6,0,0,0,0,0,4,0,6,15,0,0,15,2,274,10
05 Jun,Confirmed,0,138,4,128,146,7,90,0,1330,0,30,510,10,316,95,182,515,111,3,0,2436,0,8,234,7,27,130,46,5,222,1,143,1438,48,127,496,62,9472,427
05 Jun,Recovered,0,36,0,50,113,51,25,0,417,0,8,344,10,86,69,38,83,22,0,0,1466,0,0,241,0,0,123,26,6,255,0,40,861,0,0,209,47,4770,144
05 Jun,Deceased,0,2,0,0,1,0,0,0,49,0,0,35,0,0,1,1,0,0,0,0,139,0,0,7,0,0,1,1,0,5,0,8,12,0,0,12,1,286,11
06 Jun,Confirmed,0,210,2,230,233,3,60,0,1320,5,71,498,7,355,106,143,378,108,2,0,2739,0,25,232,0,0,173,54,3,253,4,206,1458,55,582,370,88,10408,435
06 Jun,Recovered,0,75,0,79,65,0,28,0,349,0,0,313,5,71,38,40,280,50,2,0,2243,0,14,230,0,8,112,23,5,142,0,83,633,0,0,260,78,5433,207
06 Jun,Deceased,0,0,0,0,0,0,2,0,53,0,0,29,0,0,0,3,2,1,0,0,120,0,0,15,0,0,0,2,0,13,0,10,19,0,0,11,0,297,17
07 Jun,Confirmed,0,199,3,208,239,2,150,0,1282,1,33,480,11,496,75,620,239,107,4,0,3007,3,15,173,10,9,75,93,12,262,0,154,1515,53,418,433,52,10882,449
07 Jun,Recovered,0,29,0,48,107,1,7,0,335,1,0,319,28,194,17,90,159,41,0,0,1924,0,0,223,0,0,178,14,1,253,0,32,604,19,0,277,106,5191,184
07 Jun,Deceased,0,2,0,0,1,0,0,0,51,0,0,30,0,4,0,2,2,0,0,0,91,0,0,13,0,0,1,1,0,9,0,14,18,0,0,7,2,261,13
08 Jun,Confirmed,0,154,6,154,177,6,124,0,1007,2,30,477,10,406,187,198,308,91,0,0,2554,3,100,237,8,6,138,55,9,277,0,92,1562,38,-773,411,56,8536,426
08 Jun,Recovered,0,42,0,148,137,11,69,0,358,0,2,321,5,226,29,108,309,11,0,0,1661,0,6,205,0,0,99,22,4,363,0,0,528,0,0,159,186,5171,162
08 Jun,Deceased,0,0,0,0,1,0,0,0,62,0,0,31,0,11,0,4,3,1,0,0,109,0,0,2,0,0,0,2,0,6,0,5,17,0,0,8,0,271,9
09 Jun,Confirmed,1,69,0,215,208,6,14,0,1366,2,29,470,16,355,126,61,161,91,5,0,2258,4,32,211,46,5,146,56,4,369,6,178,1685,26,874,388,126,9981,372
09 Jun,Recovered,0,48,1,312,228,0,12,0,504,0,0,409,14,107,40,182,164,34,0,0,1664,0,6,193,0,2,140,39,2,211,3,0,798,0,0,325,41,5634,155
09 Jun,Deceased,0,2,0,1,2,0,1,0,31,0,0,33,0,6,1,3,2,0,0,0,120,0,0,6,0,0,0,2,0,9,0,6,18,1,0,18,0,272,10
10 Jun,Confirmed,1,365,4,235,243,2,51,0,1501,5,28,510,14,370,135,161,120,65,7,0,3254,1,7,200,5,1,110,86,12,355,0,191,1927,31,516,275,25,11156,343
10 Jun,Recovered,0,110,2,152,164,4,4,0,384,0,0,370,13,381,33,165,257,57,0,0,1877,0,0,163,0,12,149,65,5,241,0,75,1008,47,0,302,76,6275,159
10 Jun,Deceased,0,1,0,1,1,0,1,0,79,0,0,34,1,7,0,3,3,1,0,0,149,0,0,7,0,0,0,0,0,4,0,8,19,0,0,20,2,358,17
11 Jun,Confirmed,3,182,6,145,250,4,136,0,1877,1,30,513,19,389,48,67,204,83,20,0,3607,0,55,192,9,2,136,82,13,238,0,209,1875,25,-296,478,93,11135,440
11 Jun,Recovered,0,99,0,184,152,4,70,0,486,0,0,366,26,73,38,149,114,62,4,0,1562,5,9,150,0,7,72,27,7,206,0,176,1372,39,0,321,55,6044,209
11 Jun,Deceased,0,2,0,0,0,0,0,0,101,0,0,38,0,12,0,1,3,1,0,0,152,0,0,4,0,0,1,4,2,6,0,9,23,0,0,24,1,394,10
12 Jun,Confirmed,0,207,19,263,148,13,47,0,2137,0,46,495,16,366,57,156,271,78,104,0,3493,0,19,202,2,26,112,99,6,230,50,164,1982,41,-616,528,69,11306,476
12 Jun,Recovered,0,123,0,152,230,2,123,0,667,0,2,392,17,214,55,266,464,32,4,0,1718,4,0,159,0,28,120,23,9,236,0,285,1342,0,0,317,61,7263,218
12 Jun,Deceased,0,0,0,2,1,0,0,0,129,0,0,31,0,6,0,1,7,1,0,0,127,0,0,9,0,0,1,4,1,7,0,9,18,0,0,20,5,388,9
13 Jun,Confirmed,0,222,5,207,193,5,105,0,2134,5,60,517,16,415,55,148,308,85,198,0,3427,0,64,198,6,7,225,77,13,333,0,253,1989,83,-331,502,61,12039,454
13 Jun,Recovered,0,94,2,221,370,0,87,0,1547,0,1,390,16,328,131,183,208,46,10,0,1550,1,0,176,0,27,120,45,6,326,2,74,1362,37,0,266,130,8092,336
13 Jun,Deceased,0,2,0,0,0,0,0,0,57,0,0,33,0,8,0,2,3,0,0,0,113,0,0,7,0,0,0,2,0,10,0,8,30,0,0,20,2,309,12
14 Jun,Confirmed,2,294,3,218,186,2,121,0,2224,4,41,511,16,459,52,163,176,54,112,0,3390,0,9,161,2,10,186,77,18,293,5,237,1974,33,-548,497,34,11405,389
14 Jun,Recovered,0,131,1,155,289,0,88,0,878,0,4,442,17,200,89,120,312,56,12,0,1632,3,18,300,0,4,114,29,9,229,0,25,1138,118,0,393,34,7358,518
14 Jun,Deceased,0,2,0,0,1,0,3,0,56,0,0,29,0,10,0,4,5,0,0,0,120,0,0,12,0,0,1,2,1,10,0,3,38,0,0,14,1,324,12
15 Jun,Confirmed,1,304,4,191,187,5,44,0,1647,0,28,514,38,514,30,179,213,82,6,0,2786,0,32,133,5,4,146,127,8,287,0,219,1843,10,-464,476,26,10032,407
15 Jun,Recovered,0,69,0,245,251,6,124,0,604,0,11,339,16,562,95,215,174,73,2,0,5071,0,60,226,0,0,146,87,4,219,0,389,797,0,0,342,78,10639,434
15 Jun,Deceased,0,2,0,0,2,1,0,0,73,0,0,28,0,12,1,3,2,1,0,0,178,0,0,6,0,0,0,4,0,9,0,2,44,0,0,18,0,396,10
16 Jun,Confirmed,3,264,4,201,148,8,69,0,1859,15,37,524,4,550,46,78,317,79,94,0,2701,0,10,148,4,2,108,104,14,235,0,213,1515,1,712,507,97,11086,415
16 Jun,Recovered,0,128,0,206,345,1,91,0,73,7,0,418,19,183,121,177,322,60,3,0,1802,2,8,249,0,15,120,18,4,177,0,261,1438,123,0,294,27,7226,534
16 Jun,Deceased,0,2,0,0,1,0,0,0,437,0,0,28,0,18,0,1,7,0,0,0,1409,0,0,11,0,0,0,1,0,7,0,4,49,0,0,18,1,2004,10
17 Jun,Confirmed,0,351,4,184,130,5,80,0,2414,5,27,520,25,560,57,108,204,75,38,0,3307,-1,52,161,0,14,175,126,29,326,2,269,2174,43,589,583,81,13108,391
17 Jun,Recovered,0,128,3,231,205,4,165,0,957,3,11,348,7,204,30,133,348,90,7,0,1315,3,33,236,0,0,73,77,10,505,0,44,842,0,0,335,38,6890,505
17 Jun,Deceased,0,2,0,0,0,0,0,0,67,0,0,27,0,12,1,1,8,0,0,0,114,0,0,6,0,0,0,6,1,5,0,1,48,0,0,30,1,341,11
18 Jun,Confirmed,1,425,0,209,100,4,82,0,2877,4,49,510,10,386,23,149,210,97,0,0,3752,0,54,182,9,0,174,118,26,315,0,352,2141,21,430,604,80,13829,435
18 Jun,Recovered,2,131,1,206,185,0,103,0,3884,2,13,389,5,604,47,230,176,89,3,0,1672,1,7,244,0,6,97,32,7,275,1,230,1017,83,0,399,132,10741,468
18 Jun,Deceased,0,2,0,1,5,0,0,0,65,0,0,31,0,4,1,7,12,1,0,0,100,0,0,4,0,0,0,5,1,17,0,3,49,0,0,23,0,343,12
19 Jun,Confirmed,2,465,32,0,250,7,72,0,3137,14,20,540,32,525,42,125,337,118,57,0,3827,0,75,156,0,5,165,217,16,299,0,499,2115,27,224,809,74,14638,355
19 Jun,Recovered,0,133,3,218,137,9,103,0,2228,0,9,340,12,333,137,50,230,96,0,0,1935,0,19,116,8,16,153,66,2,255,16,51,1630,18,0,357,47,9029,302
19 Jun,Deceased,0,4,0,0,5,0,1,0,66,0,0,27,0,10,0,4,9,0,0,0,142,0,0,9,0,0,0,9,1,3,0,3,41,0,0,19,0,364,11
20 Jun,Confirmed,0,491,0,249,213,23,116,0,3630,17,29,539,29,480,63,154,416,127,92,0,3874,0,96,142,10,3,179,120,51,381,0,546,2396,8,338,541,124,15918,441
20 Jun,Recovered,0,206,1,136,269,1,63,0,7725,12,11,535,20,239,69,142,183,57,22,0,1380,0,14,132,0,13,237,42,13,277,0,154,1045,23,0,374,17,13974,562
20 Jun,Deceased,0,5,0,0,0,0,1,0,77,0,0,20,0,5,0,6,9,0,0,0,91,0,0,6,0,0,1,6,0,4,0,5,38,0,0,22,1,308,11
21 Jun,Confirmed,1,477,4,332,162,2,121,0,3000,5,64,580,17,412,74,122,453,133,1,0,3870,0,64,179,1,10,304,122,28,393,8,730,2532,35,-138,596,43,15151,414
21 Jun,Recovered,2,196,6,202,264,0,53,0,1719,1,6,655,12,429,2,46,226,93,17,0,1591,5,18,135,0,3,186,22,9,323,4,225,1438,79,0,626,50,9075,432
21 Jun,Deceased,0,5,0,0,2,0,0,0,63,0,0,25,0,11,0,1,5,0,0,0,186,0,0,14,0,0,4,1,1,12,0,7,53,0,0,21,0,426,15
22 Jun,Confirmed,0,443,9,267,228,5,47,0,2909,15,46,563,54,390,42,132,249,138,10,0,3721,2,57,175,1,69,143,161,17,302,0,872,2710,16,-1295,591,58,13560,413
22 Jun,Recovered,0,128,1,161,136,6,66,0,3589,0,17,560,12,359,63,149,111,88,2,0,1962,0,0,200,3,0,143,125,9,313,4,274,1358,23,0,606,21,10879,390
22 Jun,Deceased,0,5,0,0,1,0,1,0,58,0,1,21,0,9,0,3,5,0,0,0,113,0,0,6,0,0,2,2,0,7,0,7,37,0,0,19,1,312,14
23 Jun,Confirmed,2,462,10,203,157,7,83,0,3947,9,45,549,48,495,53,148,322,141,85,0,3214,1,23,183,0,50,167,162,19,395,1,879,2516,23,183,571,133,15656,370
23 Jun,Recovered,3,157,16,197,260,0,40,0,2711,0,53,604,3,582,51,111,274,60,12,0,1925,4,8,120,7,0,125,222,16,303,0,219,1227,25,0,515,81,10462,531
23 Jun,Deceased,0,8,0,0,2,0,0,0,68,0,1,26,0,9,0,2,8,1,0,0,248,0,0,4,0,0,3,4,1,9,0,3,39,0,0,19,2,468,11
24 Jun,Confirmed,6,497,2,226,223,2,34,0,3788,13,42,572,31,490,26,186,397,152,0,0,3889,0,49,187,3,17,282,230,59,382,4,891,2865,0,126,664,88,16868,445
24 Jun,Recovered,1,187,0,196,79,0,74,0,2124,3,84,575,34,427,55,176,149,81,126,0,4161,0,70,138,5,7,135,52,11,398,10,137,2424,97,0,470,119,13089,484
24 Jun,Deceased,0,10,1,0,1,0,0,0,64,0,0,25,0,10,1,1,14,0,0,0,208,0,0,9,0,0,0,8,0,10,0,5,33,0,0,8,5,424,11
25 Jun,Confirmed,2,553,12,364,215,3,37,0,3390,20,44,577,33,453,44,127,442,123,9,0,4842,0,86,147,0,8,210,142,41,287,2,920,3509,32,352,636,68,18205,475
25 Jun,Recovered,0,209,4,75,374,7,128,0,3328,8,46,410,8,455,30,149,519,53,84,0,3661,1,26,146,6,12,168,93,11,229,0,327,2236,122,0,533,37,13983,488
25 Jun,Deceased,0,7,0,0,1,0,0,0,64,0,0,18,1,10,0,2,6,0,0,0,192,0,0,8,0,0,0,7,0,4,0,5,45,0,0,15,1,401,15
26 Jun,Confirmed,14,605,2,273,190,2,89,0,3460,15,44,580,25,421,31,213,445,150,5,0,5024,2,19,203,2,16,218,188,32,364,2,985,3645,35,-370,750,34,18255,542
26 Jun,Recovered,2,208,7,214,189,6,156,0,2326,12,35,532,20,636,42,113,246,65,109,0,2362,0,39,185,17,2,131,9,16,222,0,78,1358,36,0,464,64,10246,345
26 Jun,Deceased,0,10,0,0,0,0,1,0,63,0,0,18,0,13,0,1,10,0,0,0,175,0,0,4,0,0,0,2,0,1,0,7,46,0,0,19,1,381,10
27 Jun,Confirmed,0,796,3,246,302,3,65,0,2948,15,89,615,30,543,45,204,918,195,14,0,6368,0,17,167,3,16,170,99,85,284,0,1087,3713,9,-100,606,66,20142,521
27 Jun,Recovered,0,284,5,567,261,0,52,0,2210,6,50,379,7,456,77,145,371,102,87,0,4430,0,39,167,8,2,184,119,18,305,10,162,2737,16,0,632,87,14229,254
27 Jun,Deceased,0,11,0,1,2,0,0,0,66,0,0,18,0,7,0,2,11,0,0,0,167,0,0,4,0,0,1,6,1,11,0,6,68,0,0,19,0,414,13
28 Jun,Confirmed,11,813,5,327,244,3,84,0,2889,4,70,624,22,402,25,127,1267,118,3,0,5493,2,93,221,1,28,264,160,29,327,1,983,3940,12,-184,598,32,19610,572
28 Jun,Recovered,2,428,6,274,226,1,125,0,3306,13,58,391,17,445,69,91,220,42,32,0,2330,0,23,113,0,0,137,206,31,244,0,244,1443,8,0,593,109,11631,404
28 Jun,Deceased,0,12,0,1,4,0,0,0,65,0,1,19,0,5,0,1,16,0,0,0,156,0,0,7,0,0,3,5,1,8,0,4,54,0,0,11,1,384,10
29 Jun,Confirmed,7,793,5,302,394,3,101,0,2084,15,53,626,26,381,62,144,1105,122,1,0,5257,1,42,184,0,36,245,202,42,389,0,975,3949,34,-554,681,8,18339,624
29 Jun,Recovered,0,324,1,245,218,13,88,0,3628,6,46,440,38,585,56,269,176,79,30,0,2385,0,39,115,6,4,203,238,10,310,0,410,2212,6,0,698,93,13497,526
29 Jun,Deceased,0,11,0,0,1,0,0,0,57,0,0,19,0,9,3,1,19,1,0,0,181,0,0,7,0,0,2,5,0,6,0,6,62,0,0,12,1,417,14
30 Jun,Confirmed,7,704,4,613,370,6,63,0,2199,10,64,620,11,338,64,260,947,131,9,0,4878,2,7,223,9,8,206,150,24,348,0,945,3943,8,-281,664,50,18256,652
30 Jun,Recovered,0,279,1,314,170,15,100,0,2113,7,72,422,19,470,35,137,235,75,32,0,1951,0,59,196,61,0,243,103,10,299,1,1712,2325,0,0,578,120,12565,411
30 Jun,Deceased,0,7,0,1,5,0,0,0,62,0,0,20,1,4,0,6,20,1,0,0,245,0,0,8,0,0,2,6,1,8,0,7,60,0,0,25,2,506,15
01 Jul,Confirmed,3,657,4,548,216,6,82,0,2442,16,72,675,26,393,35,198,1272,151,17,0,5537,2,26,268,0,42,251,100,25,304,1,1018,3882,8,-89,564,66,19429,611
01 Jul,Recovered,5,477,4,184,267,3,53,0,1644,27,74,368,42,527,47,134,145,132,46,0,2243,0,26,260,1,14,164,122,29,354,2,788,2852,1,0,545,86,12064,398
01 Jul,Deceased,0,6,0,0,5,0,1,0,61,0,1,21,0,4,0,4,7,1,0,0,198,0,0,9,0,0,1,5,0,8,0,7,63,0,0,21,0,438,15
02 Jul,Confirmed,9,845,37,479,478,4,73,0,2373,25,95,681,35,568,60,154,1502,160,1,0,6328,3,19,245,2,34,229,116,63,350,12,1213,4343,39,-83,769,37,21947,649
02 Jul,Recovered,1,325,5,275,183,22,59,0,3015,3,64,563,15,520,57,118,271,202,35,0,8018,1,37,160,3,15,149,155,30,374,0,987,3095,53,0,592,88,19999,509
02 Jul,Deceased,0,5,0,2,5,0,0,0,61,0,0,19,0,11,0,10,19,0,0,0,125,0,0,8,0,0,2,3,0,9,0,8,57,0,0,17,1,378,16
03 Jul,Confirmed,7,837,20,365,426,4,52,0,2520,50,94,687,19,494,112,170,1694,211,11,0,6364,4,37,191,0,4,561,153,22,390,1,1892,4329,93,-801,972,64,22718,669
03 Jul,Recovered,3,319,4,221,217,4,52,0,2617,21,38,340,39,672,13,101,471,201,47,0,3515,0,23,234,1,31,203,122,53,333,0,1126,2357,53,0,376,76,14417,534
03 Jul,Deceased,0,8,0,0,6,0,0,0,59,0,0,18,0,4,0,4,21,0,0,0,198,0,0,4,0,0,2,5,1,10,0,8,64,0,0,14,0,444,18
04 Jul,Confirmed,3,765,7,1202,349,5,96,0,2505,37,108,712,13,545,42,227,1839,240,3,0,7074,8,9,307,2,24,495,172,80,480,1,1850,4280,25,-1032,757,45,24018,743
04 Jul,Recovered,12,376,1,416,277,2,112,0,2632,9,53,473,25,566,34,68,439,209,50,0,3395,0,28,185,3,0,229,40,21,359,0,1342,2214,3,0,557,21,14746,595
04 Jul,Deceased,0,12,0,0,4,0,0,0,81,0,2,21,1,5,3,8,42,0,0,0,295,0,0,5,0,0,6,5,1,7,0,5,65,0,0,24,0,611,19
05 Jul,Confirmed,6,998,10,735,403,7,46,0,2244,32,77,725,17,457,68,183,1925,225,0,0,6555,2,41,326,22,27,469,174,42,632,22,1590,4150,23,-370,1153,31,23942,895
05 Jul,Recovered,6,414,2,690,277,0,52,0,3083,17,111,486,28,687,10,112,603,126,0,0,3658,0,22,177,3,3,290,102,43,288,9,1166,2186,4,0,607,22,15829,545
05 Jul,Deceased,0,14,0,0,2,0,0,0,63,0,1,18,0,5,1,5,37,0,0,0,151,0,0,10,0,0,3,2,0,9,0,7,60,0,0,12,0,421,21
06 Jul,Confirmed,16,1322,1,786,280,21,98,0,1379,27,52,735,14,499,47,246,1843,193,0,0,5368,16,24,354,11,35,456,208,65,524,0,1831,3827,111,284,929,37,22500,861
06 Jul,Recovered,2,498,14,508,249,6,66,0,749,16,125,423,26,391,23,63,680,167,10,0,3522,0,45,168,0,12,262,86,32,350,4,2078,3793,13,0,348,62,15315,524
06 Jul,Deceased,0,7,1,0,7,0,0,0,48,0,0,17,0,11,1,6,30,2,0,0,204,0,0,9,0,0,2,5,0,5,0,11,61,0,0,24,0,473,22
07 Jul,Confirmed,6,1178,6,814,385,5,110,0,2008,27,90,778,6,495,164,256,1498,272,36,0,5134,6,40,343,1,19,571,258,32,716,2,1879,3616,24,121,1332,69,23147,850
07 Jul,Recovered,0,825,13,388,324,0,84,0,2129,10,95,421,27,310,36,81,571,111,24,0,3296,0,37,189,6,60,217,60,37,297,0,1506,4545,29,0,518,35,16836,555
07 Jul,Deceased,0,13,0,2,1,1,0,0,50,1,1,17,0,3,2,5,15,0,0,0,224,0,0,5,0,0,6,6,0,11,0,7,65,0,0,18,1,479,25
08 Jul,Confirmed,2,1062,11,696,749,15,111,0,2033,15,136,783,18,691,116,330,2062,301,6,0,6603,6,5,409,5,13,527,158,110,659,6,1924,3756,57,-16,1188,28,25561,986
08 Jul,Recovered,0,1356,4,397,203,1,107,0,3982,11,51,569,43,461,66,168,778,107,28,0,4634,2,22,219,4,1,303,274,67,291,6,992,3051,76,0,704,29,19508,501
08 Jul,Deceased,0,12,0,6,2,0,0,0,48,0,0,16,0,3,0,6,54,0,0,0,198,1,0,7,0,0,7,3,0,10,0,11,64,0,0,18,3,492,23
09 Jul,Confirmed,7,1555,15,568,704,16,140,0,2187,14,112,861,39,674,134,240,2228,339,8,0,6875,13,15,305,0,16,577,233,49,500,1,1410,4231,16,-633,1206,47,25790,1088
09 Jul,Recovered,9,1053,11,421,251,1,68,0,4027,10,66,429,13,399,40,128,957,149,27,0,4067,0,6,245,0,0,401,117,35,204,0,913,3994,14,0,796,22,19408,535
09 Jul,Deceased,0,13,0,5,9,0,1,0,45,0,1,15,0,5,1,5,17,0,0,0,219,0,0,5,0,0,6,5,2,9,0,7,65,0,0,17,0,479,27
10 Jul,Confirmed,0,1608,33,936,352,13,166,0,2089,14,100,875,31,570,250,387,2313,416,9,0,7862,73,132,316,23,59,755,217,72,611,0,1278,3680,142,-224,1338,68,27762,1198
10 Jul,Recovered,9,1040,0,701,459,5,125,0,2468,19,74,441,39,399,14,91,1003,112,2,0,5366,0,33,249,0,0,565,72,18,550,9,1013,4163,34,0,660,34,20289,522
10 Jul,Deceased,0,15,0,8,2,0,2,0,42,0,0,14,0,3,0,5,57,0,0,0,226,0,0,4,0,0,6,4,1,6,0,8,64,0,0,27,0,520,26
11 Jul,Confirmed,0,1813,6,535,709,13,65,0,1781,14,117,872,11,648,145,268,2798,488,13,0,8139,76,11,544,1,16,570,230,65,574,26,1178,3965,31,-745,1392,44,27757,1344
11 Jul,Recovered,0,1199,5,578,740,5,42,0,2998,12,81,502,23,490,32,109,880,143,11,0,4360,0,11,198,7,9,388,23,53,249,0,1714,3591,3,0,902,12,19981,611
11 Jul,Deceased,0,17,0,2,7,1,0,0,34,0,3,10,0,7,1,10,70,2,0,0,223,0,0,6,0,0,6,8,1,6,0,9,69,1,0,24,0,543,26
12 Jul,Confirmed,7,1933,19,735,1266,10,184,0,1573,16,85,879,31,658,97,357,2627,435,9,0,7827,33,16,431,4,26,595,234,81,644,4,1269,4244,105,-392,1384,120,29106,1560
12 Jul,Recovered,8,1019,13,468,962,4,83,0,2276,31,59,513,21,589,52,84,693,132,0,0,3340,0,53,197,0,14,390,352,49,234,1,1563,3617,46,0,645,68,18198,622
12 Jul,Deceased,0,19,0,4,7,0,2,0,37,0,2,13,0,4,7,10,71,2,0,0,173,0,0,9,0,0,5,4,0,7,0,8,68,0,0,21,1,500,26
13 Jul,Confirmed,3,1935,27,1001,1116,29,184,0,1246,25,130,902,30,689,203,314,2738,449,7,0,6497,21,17,575,2,71,616,357,50,544,2,1550,4328,26,-666,1654,71,28178,1435
13 Jul,Recovered,9,1052,7,522,411,6,49,0,1344,42,53,608,11,654,43,116,838,162,18,0,4182,1,74,332,1,13,505,194,46,527,6,1197,3035,54,0,869,70,17683,632
13 Jul,Deceased,0,37,1,4,9,0,0,0,40,0,3,10,0,7,2,8,73,2,0,0,193,0,0,10,0,0,7,5,0,8,0,9,66,0,0,21,2,541,24
14 Jul,Confirmed,5,1916,75,859,1432,12,114,0,1606,16,170,915,66,699,262,346,2496,608,35,0,6741,2,46,798,5,51,543,333,63,635,45,1524,4526,90,-179,1594,78,29917,1390
14 Jul,Recovered,20,1003,8,757,655,23,73,0,1924,33,67,749,11,453,77,128,1142,181,0,0,4500,0,50,367,8,6,609,77,44,539,-1,1161,4743,63,0,778,11,20977,718
14 Jul,Deceased,0,43,0,6,9,2,1,0,35,0,1,14,0,4,3,8,87,1,0,0,213,0,0,10,0,0,5,9,0,6,0,10,67,0,0,28,1,587,24
15 Jul,Confirmed,5,2432,29,1088,1320,19,177,0,1647,17,198,925,32,678,337,493,3176,623,14,0,7975,19,28,638,0,6,618,288,65,866,11,1597,4496,98,-655,1659,99,32607,1589
15 Jul,Recovered,1,911,0,715,514,13,49,0,2463,28,67,791,28,577,57,114,1076,196,18,0,3606,0,60,333,0,2,612,204,60,333,1,1159,5000,66,0,762,81,20646,749
15 Jul,Deceased,0,44,0,2,14,1,0,0,41,1,0,10,0,7,2,11,87,1,0,0,233,0,0,9,0,0,5,8,3,6,0,11,68,1,0,29,0,614,20
16 Jul,Confirmed,4,2593,52,892,1385,16,198,0,1652,18,157,919,36,696,221,490,4169,722,5,0,8641,40,64,735,34,14,494,295,147,737,13,1676,4549,98,-239,2058,197,35468,1690
16 Jul,Recovered,3,1015,0,666,568,17,127,0,1994,21,143,828,5,518,28,109,1263,228,6,0,5527,3,49,219,1,43,401,410,58,468,0,1296,5106,33,0,932,47,22867,735
16 Jul,Deceased,0,40,0,2,10,0,1,0,58,0,1,10,0,3,4,16,104,2,0,0,266,0,0,7,0,0,2,9,1,8,0,10,69,0,0,34,0,680,23
17 Jul,Confirmed,0,2602,66,1218,1742,25,249,0,1462,32,196,949,40,795,313,601,3693,791,4,0,8308,26,36,704,10,40,718,348,89,615,32,1478,4538,118,-754,1722,120,34820,1894
17 Jul,Recovered,0,905,22,551,896,4,61,0,1608,22,129,770,40,533,64,112,1028,132,3,0,2217,0,34,387,0,14,453,96,67,656,1,1410,3391,47,0,959,26,17476,838
17 Jul,Deceased,0,42,0,1,6,0,3,0,26,0,2,17,0,5,4,9,115,1,1,0,258,0,0,9,0,0,6,9,3,8,0,7,79,0,0,38,1,676,26
18 Jul,Confirmed,4,3963,41,1117,1667,31,243,0,1475,45,180,960,40,750,289,441,4537,593,8,0,8348,15,91,681,2,22,591,350,58,711,19,1284,4807,171,-368,1873,174,37411,2198
18 Jul,Recovered,3,1465,99,1060,774,5,146,0,1973,22,92,1062,19,600,79,607,1018,204,12,0,5306,0,19,350,7,27,607,81,48,518,2,1902,3049,51,0,1030,60,23583,1286
18 Jul,Deceased,0,52,0,2,4,1,0,0,26,0,0,19,0,17,2,5,93,2,0,0,144,0,0,8,0,0,3,7,3,7,0,6,88,2,0,24,1,543,27
19 Jul,Confirmed,15,5041,90,1018,1412,26,161,0,1211,37,173,965,64,617,167,701,4120,821,19,0,9518,32,20,837,0,10,736,308,109,934,10,1296,4979,223,-163,2211,239,40235,2278
19 Jul,Recovered,0,1127,8,858,826,3,117,0,1860,14,180,877,29,475,62,646,1290,172,18,0,3906,0,53,447,0,13,516,81,92,586,0,1831,4059,24,0,1181,35,22730,1344
19 Jul,Deceased,0,56,0,4,2,0,0,0,31,0,1,20,0,5,1,8,91,2,0,0,258,2,0,15,0,0,7,8,0,6,0,6,78,0,0,38,0,675,36
20 Jul,Confirmed,4,4074,50,1093,1076,20,191,0,954,21,196,998,110,694,225,751,3648,794,17,0,8240,19,14,710,13,33,673,410,93,956,22,1198,4985,202,0,1913,127,36806,2282
20 Jul,Recovered,6,1338,3,1072,938,30,169,0,1784,15,143,777,8,433,117,463,730,245,4,0,5460,3,85,373,1,39,457,583,111,465,2,1885,3861,86,0,986,96,24303,1535
20 Jul,Deceased,0,54,0,1,8,0,4,0,35,0,1,20,0,6,4,10,72,1,0,0,176,0,0,17,0,0,6,8,1,9,0,7,70,2,0,46,3,596,35
21 Jul,Confirmed,5,4944,68,1680,1109,14,133,0,1349,28,174,1026,33,604,418,608,3649,720,3,0,8336,21,90,785,0,9,647,379,87,983,25,1430,4965,252,0,2128,207,39170,2261
21 Jul,Recovered,8,1346,18,938,1206,0,170,0,1200,10,88,744,10,726,107,181,1664,274,3,0,7188,18,64,573,0,1,400,271,53,549,16,2062,4894,81,0,1024,85,27589,1617
21 Jul,Deceased,0,62,0,6,11,0,1,0,27,0,3,34,1,9,8,9,61,1,0,0,246,0,0,18,0,0,8,1,1,9,0,7,75,1,0,37,0,671,35
22 Jul,Confirmed,9,6045,91,972,1502,29,268,0,1227,36,149,1020,61,724,487,453,4764,1038,8,0,10576,24,45,747,20,54,1078,412,121,961,108,1555,5849,126,0,2300,451,45601,2291
22 Jul,Recovered,4,6553,11,1317,1135,8,116,0,1532,15,92,837,28,745,106,152,1780,272,8,0,5552,7,34,579,11,1,440,252,51,620,4,1281,4913,107,0,1645,52,31875,1615
22 Jul,Deceased,0,65,0,2,10,1,0,0,29,0,2,28,0,8,3,10,55,1,0,0,280,0,0,14,0,0,6,6,1,6,0,9,518,1,0,34,2,1130,39
23 Jul,Confirmed,19,7998,42,1047,1625,20,371,0,1041,45,174,1078,109,789,482,718,5030,1078,4,0,9895,20,55,632,9,90,1264,438,120,886,22,1567,6472,206,0,2516,145,48443,2436
23 Jul,Recovered,7,5428,20,1349,1083,5,157,0,1415,23,114,718,31,552,206,102,2071,432,7,0,6484,5,42,523,4,44,643,100,31,451,10,1661,5210,39,0,2303,50,33326,2006
23 Jul,Deceased,0,61,0,4,4,0,5,0,26,0,1,28,0,6,3,9,97,5,0,0,298,0,0,10,0,0,6,8,3,11,0,9,88,1,0,35,3,755,34
24 Jul,Confirmed,19,8147,65,1130,1820,23,449,0,1025,44,190,1068,120,780,400,353,5007,885,36,0,9615,53,31,736,6,65,1594,477,95,958,17,1640,6785,100,0,2667,272,48888,2216
24 Jul,Recovered,4,2380,58,1062,1873,4,180,0,1866,18,210,872,9,704,100,508,2037,968,10,0,5714,5,31,507,0,7,808,355,83,732,15,1007,6504,59,0,1909,42,32514,1873
24 Jul,Deceased,0,49,0,6,9,0,2,0,32,0,0,26,1,4,9,14,110,4,0,0,278,1,0,11,0,1,8,5,1,8,0,8,88,1,0,50,2,763,35
25 Jul,Confirmed,31,7813,70,1165,2803,29,363,0,1142,37,146,1081,95,783,277,523,5072,1103,30,0,9251,59,30,716,29,50,1320,468,139,1120,22,1593,6988,105,0,2971,244,50072,2404
25 Jul,Recovered,2,3320,36,1294,1688,20,116,0,2137,13,182,782,28,701,167,300,2403,1049,22,0,7227,7,29,622,0,4,728,201,78,759,5,998,7758,79,0,2191,54,37125,2125
25 Jul,Deceased,0,52,0,1,11,0,3,0,29,0,4,22,0,7,7,9,72,5,1,0,257,0,0,8,0,3,10,9,3,11,0,8,89,0,0,39,1,703,42
26 Jul,Confirmed,28,7627,32,1142,2605,35,431,0,1075,49,175,1110,127,794,508,615,5199,927,9,0,9431,56,59,874,0,50,1376,534,133,1132,46,0,6986,37,0,3246,143,48932,2341
26 Jul,Recovered,4,3046,77,985,1788,17,261,0,1807,21,230,753,25,730,183,411,2088,689,6,0,6044,41,1,644,0,8,864,513,84,648,5,0,5471,152,0,1738,71,31502,2097
26 Jul,Deceased,0,56,0,2,17,0,4,0,21,0,2,21,1,3,0,7,82,2,1,0,267,0,0,12,0,0,11,15,2,11,1,0,85,2,0,39,0,704,40
